No.,所属,母優,馬名,募集馬名,父名,"2023年
種付け料","2025年
種付け料",母父,性,色付け,毛色,生年月日,募集価格,価格帯,厩舎,提供牧場,生産牧場,育成牧場,体高,胸囲,管囲,馬体重,"8月中旬
馬体重","バッタさん
予測馬体重",母成績,国内/海外,母の生産国,母の現役時所属,主な勝ち鞍,クラス,産齢,出産,セール出身,コメント,手術歴・癖,インブリード,抽選ステージ,母優無当選率,1次募集残口,人気ランク,馬名の由来,育成移動,外厩移動,"9/30
馬体重","10/31
馬体重","11/28
馬体重","1/15
馬体重","2/15
馬体重","3/15
馬体重","4/15
馬体重","10/31
坂路","11/28
坂路","12/26
坂路","01/15
坂路","01/31
坂路","02/15
坂路","02/28
坂路","03/15
坂路","03/31
坂路","04/15
坂路","04/30
坂路","9/30
体重差分","10/31
体重差分","11/28
体重差分","03/15
体重差分",No.募集馬名
1,1.関東,1.有,ランパディアス,ピンクアリエスの24,キタサンブラック,"1,000","2,000",キングカメハメハ,1.牡,1.有1.牡,黒鹿,05/02,"8,000",8000,黒岩陽一,ノーザンF,ノーザンF,ＮＦ早来,154,172,21,447,455,504,6戦0勝,国内,日本,キャロット,なし,1.未勝利馬,17,連産3,,,,Lyphard 5×5,D.一般抽選,25.5%,満口,48,本馬の星座おうし座の一等星アルデバランの古代ギリシャ名。母名より,2025/09/03 ,,441,456,470,477,,,,17-19,17-20,15-18,16-18,,,,,,,,-6,9,23,,1.ピンクアリエスの24
2,1.関東,2.無,ディノフェリス,シーズアタイガーの24,キタサンブラック,"1,000","2,000",Tale of the Cat,1.牡,2.無1.牡,鹿,05/03,"12,000",10000,田中博康,ノーザンF,ノーザンF,ＮＦ空港,157,178,21.5,486,494,548,7戦3勝,海外,アメリカ,海外馬主,GⅠデルマーデビュタントSダート1400m,5.GⅠ勝ち馬,13,連産9,,,,"Mr. Prospector 4×5, Honest Pleasure 5×5, Lyphard 5×5",D.一般抽選,64.9%,満口,62,中新世から更新世初期に生息していたネコ科の動物。母名より連想,2025/10/14 ,,500,518,520,540,,,,外傷良化,18-20,17-18,16-17,,,,,,,,14,32,34,,2.シーズアタイガーの24
3,1.関東,2.無,パルパデオ,シングルゲイズの24,キタサンブラック,"1,000","2,000",Not A Single Doubt,2.牝,2.無2.牝,黒鹿,01/26,"6,000",6000,木村哲也,ノーザンF,ノーザンF,ＮＦ空港,154,176.5,18.8,460,468,464,35戦5勝,海外,オーストラリア,海外馬主,GⅠATCストームクイーンS芝2000m、その他重賞2勝,5.GⅠ勝ち馬,12,連産5,,,左飛節OCD除去手術（2025/5/19）,Lyphard 5×5,E.一般当選,100.0%,11,72,まばたき、きらめき（西）。鮮烈な存在感を放つことを願って,2025/09/04 ,,463,474,475,469,,,,18-20,17-18,16-18,16-17,,,,,,,,3,14,15,,3.シングルゲイズの24
4,1.関東,1.有,イシュナック,リカビトスの24,ロードカナロア,"1,200","1,000",ディープブリランテ,1.牡,1.有1.牡,鹿,03/09,"7,000",7000,田中博康,ノーザンF,ノーザンF,ＮＦ空港,156,173,20,445,452,487,17戦4勝,国内,日本,キャロット,2勝クラス特別戦芝1800m,2.条件馬,10,連産4,,,,"Mr. Prospector 4×5, His Majesty/Graustark 5×5",C.×0抽選,77.8%,満口,19,アイルランドの神話に登場するイシュナックの丘。母名より連想,2025/09/16 ,,468,460,452,470,,,,20,17-18,17,16-17,,,,,,,,23,15,7,,4.リカビトスの24
5,1.関東,2.無,リテラルヴァース,クオウトの24,ロードカナロア,"1,200","1,000",Galileo,1.牡,2.無1.牡,鹿,03/15,"4,000",4000,鹿戸雄一,白老F,白老F,ＮＦ空港,154,166.5,20,413,428,463,10戦1勝,海外,イギリス,海外馬主,-,2.条件馬,8,連産4,,,,"Sadler's Wells 3×5, Northern Dancer 5×4, Mr. Prospector 4×5",E.一般当選,100.0%,43,77,文字通りの詩句。母名より連想,2025/10/13,,415,437,432,460,,,,,18,左前膝腫れ,マシン調整,,,,,,,,2,24,19,,5.クオウトの24
6,1.関東,2.無,グレイスコール,プレインチャントの24,ロードカナロア,"1,200","1,000",Gregorian,2.牝,2.無2.牝,鹿,03/30,"4,600",4000,古賀慎明,ノーザンF,ノーザンF,ＮＦ空港,148,168.5,17.9,381,388,406,6戦4勝,海外,フランス,海外馬主,GⅡクリテリヨムドメゾンラフィット芝1200m、他GⅢ1勝,4.GⅡGⅢ勝ち馬（地方重賞含む）,6,連産2,,,,Northern Dancer 5×5,E.一般当選,100.0%,101以上,87,恩恵の呼び声。幸運や恩恵に恵まれますように,2025/10/02 ,,396,404,410,420,,,,,,17-18,17,,,,,,,,15,23,29,,6.プレインチャントの24
7,1.関東,1.有,フィリオソラーレ,フィリアプーラの24,エピファネイア,"1,800","1,200",ハービンジャー,1.牡,1.有1.牡,黒鹿,01/10,"10,000",10000,木村哲也,ノーザンF,ノーザンF,ＮＦ空港,156,182.5,20.3,489,498,508,16戦2勝,国内,日本,キャロット,GⅢフェアリーS芝1600m,4.GⅡGⅢ勝ち馬（地方重賞含む）,8,連産2,,,,"サンデーサイレンス 4×3, Hail to Reason 5×5",B.×1抽選,77.8%,満口,7,太陽の子（伊）。母名より連想,2025/09/01 ,,489,476,483,499,,,,18,16-17,16-17,16-17,,,,,,,,0,-13,-6,,7.フィリアプーラの24
8,1.関東,2.無,ロサカニーナ,ドナウデルタの24,エピファネイア,"1,800","1,200",ロードカナロア,2.牝,2.無2.牝,黒鹿,01/19,"5,000",5000,堀宣行,ノーザンF,ノーザンF,ＮＦ空港,148,170.5,19.9,433,426,433,18戦6勝,国内,日本,サンデー,ポートアイランドS芝1600m,3.オープン馬,8,連産2,,,,サンデーサイレンス 4×4,C.×0抽選,50.0%,満口,14,イヌバラ。ドナウ川が流れるルーマニアの国花。母名より連想,2025/09/10 ,,419,430,435,450,,,,両飛節後腫,両飛節腫れ,マシン調整,マシン調整,,,,,,,,-14,-3,2,,8.ドナウデルタの24
9,1.関東,1.有,#N/A,サンクテュエールの24,サートゥルナーリア,800,"1,000",ディープインパクト,2.牝,1.有2.牝,黒鹿,01/14,"6,000",6000,鹿戸雄一,ノーザンF,ノーザンF,ＮＦ空港,153,175,19.2,448,,452,16戦2勝,国内,日本,キャロット,GⅢシンザン記念芝1600m,4.GⅡGⅢ勝ち馬（地方重賞含む）,7,初仔,,,,"サンデーサイレンス 4×3, Sadler's Wells 4×5, Mr. Prospector 5×5",,,,,#N/A,,,,,,,,,,,,,,,,,,,,,,,,,9.サンクテュエールの24
10,1.関東,2.無,ジェニスタ,キラーグレイシスの24,サートゥルナーリア,800,"1,000",Congaree,2.牝,2.無2.牝,黒鹿,03/30,"6,000",6000,宮田敬介,ノーザンF,ノーザンF,ＮＦ空港,156,177,20,450,459,476,16戦3勝,海外,アメリカ,海外馬主,GⅠハリウッドスターレットSダート1700m,5.GⅠ勝ち馬,15,連産6,,,旋回癖,Northern Dancer 5×5×5,D.一般抽選,28.6%,満口,53,エニシダ。本馬の誕生日である3月30日の誕生花,2025/09/16 ,,469,440,448,468,,,,18-20,17-18,17-18,17-18,,,,,,,,19,-10,-2,,10.キラーグレイシスの24
11,1.関東,2.無,ラガリーガ,ラサルダンの24,キズナ,"1,200","2,000",Kingsalsa,1.牡,2.無1.牡,青鹿,03/03,"10,000",10000,手塚貴久,ノーザンF,ノーザンF,ＮＦ空港,162,176.5,21.7,467,477,515,19戦5勝,海外,フランス,海外馬主,GⅡサンドリンガム賞芝1600m、他GⅢ1勝,4.GⅡGⅢ勝ち馬（地方重賞含む）,10,連産4,,,左飛節感染性関節炎により関節洗浄（2024/4/9および2024/4/18）、右飛節OCD除去手術（2025/1/8）,ー,E.一般当選,100.0%,101以上,80,スペイン、カタルーニャ地方にある地名。母名より連想,2025/09/01 ,,488,490,508,518,,,,18,16-18,16-17,16-17,,,,,,,,21,23,41,,11.ラサルダンの24
12,1.関東,1.有,レインワルティア,ルナリアの24,スワーヴリチャード,200,"1,500",ネオユニヴァース,2.牝,1.有2.牝,青鹿,04/27,"2,400",2000,矢野英一,ノーザンF,アイオイF,ＮＦ早来,147.5,165,19.1,390,400,422,7戦0勝,国内,日本,キャロット,なし,1.未勝利馬,14,連産7,,,,サンデーサイレンス 3×3,E.一般当選,100.0%,101以上,90,雲南月光花。月の光のように美しい花。母名より連想,2025/10/07 ,,390,415,402,408,,,,,18-20,17-20,18-19,,,,,,,,0,25,12,,12.ルナリアの24
13,1.関東,1.有,ウラノグラフィア,リュラの24,ナダル,350,"1,000",ステイゴールド,1.牡,1.有1.牡,鹿,04/18,"5,000",5000,宮田敬介,ノーザンF,ノーザンF,ＮＦ空港,157,176,20,450,460,505,5戦0勝,国内,日本,キャロット,なし,1.未勝利馬,11,連産3,,,,"Northern Dancer 5×5, Mr. Prospector 5×5",D.一般抽選,20.6%,満口,41,こと座が描かれた星図。母名より連想,2025/09/29 ,,483,480,495,485,,,,,18,16-18,16-17,,,,,,,,33,30,45,,13.リュラの24
14,1.関東,1.有,ピウモッソ,エスティタートの24,ナダル,350,"1,000",ドリームジャーニー,2.牝,1.有2.牝,鹿,01/27,"3,600",3000,斎藤誠,白老F,白老F,ＮＦ空港,155.5,177,19.7,475,476,483,24戦5勝,国内,日本,キャロット,GⅢ2着シルクロードS芝1200m,3.オープン馬,11,連産5,,,,"Special 5×5, Mr. Prospector 5×5",D.一般抽選,25.3%,満口,47,もっと速く（音楽用語）。母名より連想,2025/09/03 ,,455,449,447,460,,,,,17-18,17-18,17-18,,,,,,,,-20,-26,-28,,14.エスティタートの24
15,1.関東,2.無,パパコレア,フォルステライトの24,ナダル,350,"1,000",キングカメハメハ,2.牝,2.無2.牝,鹿,02/07,"3,200",3000,村田一誠,ノーザンF,ノーザンF,ＮＦ空港,152,175,19.6,423,422,435,17戦2勝(中央0勝),国内,日本,サンデー,地方2勝,2.条件馬,7,初仔,,,,Mr. Prospector 5×5×4,E.一般当選,100.0%,101以上,91,ハワイにあるビーチ名。鉱物により砂が緑色をしている。母名より連想,2025/10/08 ,,429,418,424,420,,,,,,18,17-18,,,,,,,,6,-5,1,,15.フォルステライトの24
16,1.関東,1.有,コルシャヴィート,ケイティーズハートの24,モーリス,800,800,ハーツクライ,1.牡,1.有1.牡,鹿,03/26,"8,000",8000,森一誠,ノーザンF,ノーザンF,ＮＦ早来,155,179.5,21,508,524,541,15戦3勝,国内,日本,キャロット,1勝クラスダート1800m,2.条件馬,15,連産9,,,,"サンデーサイレンス 4×3, Lyphard 5×5",D.一般抽選,0.0%,満口,26,彗星の歌声（ヘブライ語）。額の流星より連想,2025/09/09 ,,498,516,529,537,,,,17-20,16-18,15-18,15-16,,,,,,,,-10,8,21,,16.ケイティーズハートの24
17,1.関東,1.有,プルヴィナル,クルミナルの24,モーリス,800,800,ディープインパクト,2.牝,1.有2.牝,黒鹿,02/01,"5,000",5000,栗田徹,ノーザンF,ノーザンF,ＮＦ空港,158,181,20,468,464,474,5戦2勝,国内,日本,キャロット,GⅠ2着桜花賞芝1600m,3.オープン馬,12,空胎明け,,,,"サンデーサイレンス 4×3, Lyphard 5×5×5",D.一般抽選,8.5%,満口,30,神々の座所（ラテン語）。競馬界の頂点に座るよう願い。母名より連想,2025/09/02 ,,458,440,444,462,,,,18-20,18,17-18,16-17,,,,,,,,-10,-28,-24,,17.クルミナルの24
18,1.関東,1.有,ダイアナマリア,マリアライトの24,モーリス,800,800,ディープインパクト,2.牝,1.有2.牝,黒鹿,04/24,"6,000",6000,久保田貴士,ノーザンF,ノーザンF,ＮＦ早来,152,173.5,19,421,417,456,20戦6勝,国内,日本,キャロット,GⅠ2勝宝塚記念、エリザベス女王杯,5.GⅠ勝ち馬,13,連産4,,,,"サンデーサイレンス 4×3, Sadler's Wells 4×5, Riverman 5×4, Lyphard 5×5",D.一般抽選,50.0%,満口,58,イギリスにあるフローライトの発掘で有名な鉱山の名前。母名より連想,2025/10/06 ,,432,443,422,416,,,,,18-20,17-19,16-18,,,,,,,,11,22,1,,18.マリアライトの24
19,1.関東,1.有,オーソロンビック,エリスライトの24,レイデオロ,700,250,ディープインパクト,1.牡,1.有1.牡,鹿,04/02,"4,000",4000,斎藤誠,ノーザンF,ノーザンF,ＮＦ早来,152,172.5,20.8,425,431,476,12戦2勝,国内,日本,キャロット,1勝クラス特別戦芝1800m,2.条件馬,9,連産3,,,,"ウインドインハーヘア 4×3, Kingmambo 3×4, Mr. Prospector 4×5×5",B.×1抽選,42.9%,満口,5,直方晶系。結晶構造の分類の1つ。母名より連想,2025/10/08 ,,443,419,445,457,,,,,,18-20,18,,,,,,,,18,-6,20,,19.エリスライトの24
20,1.関東,1.有,カーリーウィップ,バウンスシャッセの24,レイデオロ,700,250,ゼンノロブロイ,2.牝,1.有2.牝,黒鹿,05/05,"3,600",3000,奥村武,ノーザンF,ノーザンF,ＮＦ空港,155,175,20,412,413,454,16戦5勝,国内,日本,キャロット,GⅢ3勝愛知杯、中山牝馬S、フラワーC,4.GⅡGⅢ勝ち馬（地方重賞含む）,13,連産7,,,,Mr. Prospector 4×5×5,E.一般当選,100.0%,101以上,84,社交ダンスのステップの1つ。母名より連想,2025/10/01 ,,429,420,424,433,,,,,17-18,16-18,16-17,,,,,,,,17,8,12,,20.バウンスシャッセの24
21,1.関東,2.無,ボーヴァン,ボージェストの24,ドレフォン,700,500,キングカメハメハ,1.牡,2.無1.牡,栗,03/21,"4,000",4000,田村康仁,ノーザンF,ノーザンF,ＮＦ空港,152.5,176,20,449,441,489,11戦2勝,国内,日本,吉田勝己,1勝クラスダート1600m,2.条件馬,13,連産8,,,,"Mr. Prospector 5×4, Raise a Native 5×5",C.×0抽選,30.0%,満口,11,良い風（仏）。父名、母名より連想,2025/09/03 ,,453,460,469,480,,,,18-20,17-18,17,16-17,,,,,,,,4,11,20,,21.ボージェストの24
22,1.関東,2.無,ミラージュスター,ターシャズスターの24,ドレフォン,700,500,Spanish Steps,2.牝,2.無2.牝,鹿,01/22,"3,600",3000,武井亮,ノーザンF,ノーザンF,ＮＦ空港,159,176,19.8,474,468,484,5戦1勝,海外,アメリカ,海外馬主,不明（新馬戦か未勝利戦の1勝と推定）,2.条件馬,18,空胎明け,,確定版で追加,右飛節OCD除去手術（2025/1/30）,"Relaunch 5×3, Raise a Native 5×5, Mr. Propector 5×5",D.一般抽選,35.6%,満口,55,幻想＋星。幻想的な星をイメージして。母名より連想,2025/10/23 ,,477,480,484,476,,,,,20,17-18,17,,,,,,,,3,6,10,,22.ターシャズスターの24
23,1.関東,1.有,カリーナネビュラ,ゴールドティアの24,ドレフォン,700,500,キングカメハメハ,2.牝,1.有2.牝,栗,02/03,"3,200",3000,武藤善則,ノーザンF,ノーザンF,ＮＦ空港,152,173.5,19,437,445,447,20戦3勝,国内,日本,キャロット,2勝クラス特別戦ダート1700m,2.条件馬,7,初仔,,,,"Mr. Prospector 5×4, Northern Dancer 5×5, Raise a Native 5×5",D.一般抽選,76.5%,満口,63,カリーナ星雲。最も明るいと言われている星雲。母名より連想,2025/09/16 ,,460,440,435,430,,,,18-20,17-18,16-18,16-17,,,,,,,,23,3,-2,,23.ゴールドティアの24
24,1.関東,2.無,ラディオーサ,アシュリンの24,ヴァンゴッホ,180,180,マンハッタンカフェ,2.牝,2.無2.牝,鹿,02/25,"2,800",2000,勢司和浩,ノーザンF,ノーザンF,ＮＦ空港,154,177.5,19.8,447,454,460,13戦3勝,国内,日本,吉田和美,2勝クラス特別戦芝2000m,2.条件馬,9,連産3,,,,Mr. Prospector 4×5,E.一般当選,100.0%,5,70,輝かしい､光り輝く（伊）。輝く舞台での活躍を願って,2025/09/03 ,,445,451,448,472,,,,,17-18,マシン調整,マシン調整,,,,,,,,-2,4,1,,24.アシュリンの24
25,1.関東,1.有,ゴレスターン,アーズローヴァーの24,アルアイン,150,80,キンシャサノキセキ,1.牡,1.有1.牡,黒鹿,03/07,"2,800",2000,稲垣幸雄,ノーザンF,ノーザンF,ＮＦ空港,154,175.5,20,432,442,471,24戦3勝,国内,日本,キャロット,2勝クラス特別戦芝1200m,2.条件馬,8,連産2,,,,"サンデーサイレンス 3×4, Lady Berry 5×5, His Mahesty 5×5, Lyphard 5×5",D.一般抽選,20.0%,満口,40,バラの園（ペルシア語）、イランの宮殿名より。父名、母名より連想,2025/09/30 ,,444,446,452,470,,,,,18-20,17-18,17,,,,,,,,12,14,20,,25.アーズローヴァーの24
26,1.関東,1.有,ピュールオンド,ピュアブリーゼの24,アルアイン,150,80,Monsun,2.牝,1.有2.牝,鹿,01/30,"2,000",2000,和田正一郎,ノーザンF,ノーザンF,ＮＦ早来,161,175.5,19.5,453,460,468,23戦1勝,国内,日本,キャロット,GⅠ2着オークス芝2400m,2.条件馬,16,空胎明け,,,,ー,E.一般当選,100.0%,101以上,83,純粋な波（仏）。母名、父名より連想,2025/09/25 ,,472,446,451,445,,,,,17-18,17,軽めの運動,,,,,,,,19,-7,-2,,26.ピュアブリーゼの24
27,1.関東,1.有,エウゲニオス,ローズノーブルの24,エフフォーリア,300,400,ディープインパクト,1.牡,1.有1.牡,青鹿,04/08,"5,000",5000,鹿戸雄一,ノーザンF,ノーザンF,ＮＦ早来,156,174.5,21.4,465,467,516,22戦4勝,国内,日本,キャロット,2勝クラス特別戦芝1500m,2.条件馬,15,連産5,,,さく癖,サンデーサイレンス 5×4×3,A.×2抽選,92.9%,満口,3,ギリシャ語で高貴な生まれを意味する人名より。父名、母名より連想,2025/09/04 ,,444,475,489,484,,,,17-20,16-18,16-17,軽めの運動,,,,,,,,-21,10,24,,27.ローズノーブルの24
28,1.関東,2.無,パンジュアーブ,マハーバーラタの24,エフフォーリア,300,400,ディープインパクト,2.牝,2.無2.牝,鹿,03/24,"2,800",2000,深山雅史,ノーザンF,ノーザンF,ＮＦ空港,151,169,18.8,406,412,436,5戦1勝,国内,日本,吉田和美,未勝利戦ダート1700m,2.条件馬,16,連産5,,,さく癖,サンデーサイレンス 5×4×3,E.一般当選,100.0%,101以上,85,５つの水(ペルシア語）。インダス川へと注ぐ５つの大河を示す,2025/09/16 ,,431,436,426,434,,,,,18,17-18,17,,,,,,,,25,30,20,,28.マハーバーラタの24
29,1.関東,1.有,オーディンスピア,ヴァルキュリアの24,クリソベリル,300,250,Tapit,1.牡,1.有1.牡,鹿,02/08,"4,000",4000,高柳瑞樹,ノーザンF,ノーザンF,ＮＦ早来,149.5,172.5,20.3,428,437,458,12戦4勝,国内,日本,キャロット,3勝クラス特別戦ダート1400m,3.オープン馬,7,初仔,,,,"Mr. Prospector 5×5×5, Northern Dancer 5×5",D.一般抽選,14.6%,満口,35,北欧神話オーディンの槍。母名より連想,2025/09/25 ,,453,444,452,456,,,,20,16-18,16-17,16,,,,,,,,25,16,24,,29.ヴァルキュリアの24
30,1.関東,1.有,#N/A,レオパルディナの24,クリソベリル,300,250,スニッツェル,2.牝,1.有2.牝,鹿,01/24,"2,800",2000,嘉藤貴行,ノーザンF,白老F,ＮＦ空港,156.5,172,19.8,452,467,463,22戦2勝,国内,日本,キャロット,フェニックス賞芝1200m,2.条件馬,12,連産6,,,,Mr. Prospector 5×4,E.一般当選,100.0%,101以上,79,#N/A,,,461,470,469,,,,,,蹄関節炎,募集中止,,,,,,,,,9,18,17,,30.レオパルディナの24
31,1.関東,1.有,ペントザリス,パドゥヴァルスの24,サリオス,150,200,エピファネイア,1.牡,1.有1.牡,鹿,02/01,"3,200",3000,戸田博文,ノーザンF,白老F,ＮＦ空港,158.5,180,20.7,536,546,552,4戦2勝,国内,日本,キャロット,1勝クラス芝1600m,2.条件馬,7,連産3,,,,"サンデーサイレンス 3×5×4, Sadler's Wells 5×5",D.一般抽選,4.7%,満口,28,ギリシャのクレタ島に伝わる戦士の踊り。父名、母名より連想,2025/09/02 ,,538,505,518,528,,,,18-20,17-18,17-18,17,,,,,,,,2,-31,-18,,31.パドゥヴァルスの24
32,1.関東,1.有,アプローズギフト,シーズンズギフトの24,サリオス,150,200,エピファネイア,2.牝,1.有2.牝,黒鹿,01/15,"3,200",3000,森一誠,ノーザンF,ノーザンF,ＮＦ空港,152.5,180.5,19.1,476,483,474,16戦2勝,国内,日本,キャロット,GⅢ2着ニュージーランドT芝1600m,3.オープン馬,7,初仔,,,,サンデーサイレンス 3×5×4,D.一般抽選,1.2%,満口,27,拍手喝采＋贈り物。観客から贈られる拍手喝采を願って。母名より連想,2025/09/03 ,,467,480,473,480,,,,18-20,17-18,16-18,ハ行,,,,,,,,-9,4,-3,,32.シーズンズギフトの24
33,1.関東,2.無,エクラドリオン,レーヴディソールの24,リオンディーズ,400,400,アグネスタキオン,1.牡,2.無1.牡,鹿,03/25,"3,600",3000,中舘英二,ノーザンF,ノーザンF,ＮＦ早来,151,168.5,20,413,427,464,6戦4勝,国内,日本,サンデー,GⅠ阪神JF芝1600m,5.GⅠ勝ち馬,16,連産4,,,左後膝感染性関節炎により関節洗浄（2024/11/3）,サンデーサイレンス 4×3,D.一般抽選,84.6%,満口,66,獅子の輝き（仏）。獅子の強さと気高さをイメージして。父名より連想,2025/09/18 ,,440,451,463,458,,,,,17-19,16-17,15-16,,,,,,,,27,38,50,,33.レーヴディソールの24
34,1.関東,2.無,レナセール,クレアドールの24,リオンディーズ,400,400,ハーツクライ,2.牝,2.無2.牝,黒鹿,03/31,"2,800",2000,千葉直人,ノーザンF,ハシモトF,ＮＦ早来,154.5,173,20,430,432,461,36戦4勝(中央2勝),国内,日本,サンデー,1勝クラスダート1200m,2.条件馬,13,連産4,,,,"サンデーサイレンス 4×3, Nureyev 5×3, Northern Dancer 5×4, Nearctic 5×5",D.一般抽選,25.9%,満口,49,新たな始まり（西）。母名より連想,2025/09/23 ,,437,446,456,445,,,,18-20,17-19,16-17,16-17,,,,,,,,7,16,26,,34.クレアドールの24
35,1.関東,1.有,マーズウェーブ,アンフィトリテの24,アドマイヤマーズ,250,500,ロードカナロア,1.牡,1.有1.牡,鹿,04/02,"5,000",5000,辻哲英,ノーザンF,ノーザンF,ＮＦ早来,157.5,172.5,20.3,419,449,478,8戦3勝,国内,日本,キャロット,マーガレットS芝1200m,3.オープン馬,9,連産4,,,,"サンデーサイレンス 3×4, Mr. Prospector 5×5, Storm Bird 5×5",D.一般抽選,17.3%,満口,38,火星大気の波動。両親から火星の表面に点在する波紋をイメージして,2025/10/01 ,,456,461,482,481,,,,,17-19,16-19,16-18,,,,,,,,37,42,63,,35.アンフィトリテの24
36,1.関東,1.有,ファインハイト,クルークハイトの24,オルフェーヴル,350,350,クロフネ,2.牝,1.有2.牝,栗,02/09,"3,600",3000,萩原清,ノーザンF,ノーザンF,ＮＦ早来,157,179,19.5,463,473,473,28戦5勝,国内,日本,キャロット,3勝クラスダート1700m,3.オープン馬,10,連産2,,,,"サンデーサイレンス 3×4, ノーザンテースト 5×4",C.×0抽選,100.0%,満口,23,精巧さ（独）。父名、母名より連想,2025/09/08 ,,476,431,426,423,,,,17-18,17-18,15-18,17-18,,,,,,,,13,-32,-37,,36.クルークハイトの24
37,1.関東,2.無,シエロブリジャンテ,ライジングクロスの24,サトノダイヤモンド,250,100,Cape Cross,2.牝,2.無2.牝,鹿,05/15,"3,200",3000,宮田敬介,ノーザンF,坂東牧場,ＮＦ空港,147.5,167,19.1,375,378,415,32戦5勝,海外,イギリス,海外馬主,GⅡパークヒルS芝2900m、GⅠ2着英オークス芝2400m,4.GⅡGⅢ勝ち馬（地方重賞含む）,21,連産5,,,右後第1趾骨骨折により骨片除去手術（2025/1/10）,"Halo 4×5, Danzig 5×4, Busted 5×5",E.一般当選,100.0%,22,74,輝く天空（西）。母名より連想,2025/10/02 ,,401,415,417,430,,,,,20,17-18,17,,,,,,,,26,40,42,,37.ライジングクロスの24
38,1.関東,1.有,ブルージェイ,ネオフレグランスの24,シスキン,250,300,ネオユニヴァース,1.牡,1.有1.牡,黒鹿,04/14,"4,000",4000,加藤征弘,ノーザンF,白老F,ＮＦ早来,148.5,167,20,410,426,460,13戦3勝,国内,日本,キャロット,2勝クラス特別戦芝1200m,2.条件馬,11,連産5,,,,ー,D.一般抽選,4.8%,満口,29,アオカケス。知性と勇気の象徴とされている鳥。父名より連想,2025/10/09 ,,416,433,439,448,,,,,18-20,18-19,18,,,,,,,,6,23,29,,38.ネオフレグランスの24
39,1.関東,2.無,ジャロロッソ,レッチェバロックの24,シルバーステート,600,500,Uncle Mo,1.牡,2.無1.牡,鹿,03/30,"4,000",4000,上原佑紀,ノーザンF,ノーザンF,ＮＦ早来,151,171.5,20.8,426,436,475,10戦2勝,国内,日本,吉田和美,1勝クラスダート1400m,2.条件馬,7,連産2,,,,Hail to Reason 5×5,D.一般抽選,83.3%,満口,65,黄と赤（伊）。イタリア都市レッチェのシンボルカラー。母名より連想,2025/09/09 ,,446,435,444,442,,,,18-20,17-20,15-18,16-18,,,,,,,,20,9,18,,39.レッチェバロックの24
40,1.関東,2.無,ゼットターム,ファシネートゼットの24,ニューイヤーズデイ,250,200,ヘニーヒューズ,1.牡,2.無1.牡,鹿,03/24,"4,000",4000,林徹,ノーザンF,ノーザンF,ＮＦ空港,152,172,20.8,434,433,480,25戦4勝,国内,日本,吉田和美,3勝クラス特別戦ダート1400m,3.オープン馬,7,初仔,,,,Halo 5×5,D.一般抽選,38.5%,満口,56,Z項。母名由来の水沢天文台のZ項より,2025/09/29 ,,454,455,450,463,,,,,18-20,17-18,16-17,,,,,,,,20,21,16,,40.ファシネートゼットの24
41,1.関東,1.有,ホールノート,マイティースルーの24,フィエールマン,200,150,クロフネ,2.牝,1.有2.牝,芦,01/28,"3,000",3000,尾関知人,ノーザンF,ノーザンF,ＮＦ早来,156,178,19.8,453,446,461,27戦4勝,国内,日本,キャロット,2勝クラス特別戦芝1800m,2.条件馬,18,空胎明け,,,,Mr. Prospector 5×4,C.×0抽選,11.1%,満口,10,全音符。父名より連想。長く活躍することを願って,2025/09/01 ,,458,448,428,435,,,,16-17,16-18,15-18,16-18,,,,,,,,5,-5,-25,,41.マイティースルーの24
42,1.関東,1.有,イシュバランケ,エルカスティージョの24,ポエティックフレア,500,Private,ロードカナロア,1.牡,1.有1.牡,黒鹿,01/18,"4,000",4000,大和田成,ノーザンF,ノーザンF,ＮＦ早来,156.5,173.5,20.5,422,430,459,12戦4勝,国内,日本,キャロット,3勝クラス特別戦芝1400m,3.オープン馬,6,初仔,,,,ー,D.一般抽選,13.4%,満口,33,マヤ神話に登場する双子の神の片方。母名より連想,2025/09/17 ,,437,435,441,420,,,,,17-19,18,17-18,,,,,,,,15,13,19,,42.エルカスティージョの24
43,1.関東,1.有,ベルグラース,ベルディーヴァの24,マインドユアビスケッツ,400,200,ダイワメジャー,2.牝,1.有2.牝,栗,04/29,"3,000",3000,浅利英明,ノーザンF,ノーザンF,ＮＦ空港,156,175,19.6,430,438,470,16戦3勝,国内,日本,キャロット,2勝クラス芝1200m,2.条件馬,12,連産6,,,,"Rahy/Morn of Song 4×3, Northern Dancer 5×4, Halo 4×5, Deputy Minister 4×5, Hail to Reason 5×5",D.一般抽選,60.4%,満口,61,美しい優雅さ（仏）。母名より連想,2025/09/02 ,,436,465,478,502,,,,18-20,17-18,16-18,16-17,,,,,,,,6,35,48,,43.ベルディーヴァの24
44,1.関東,1.有,グルドロッティン,ブロンディーヴァの24,ルーラーシップ,350,400,スマートファルコン,1.牡,1.有1.牡,鹿,01/28,"3,200",3000,矢嶋大樹,ノーザンF,ノーザンF,ＮＦ空港,155,176,21.5,469,482,496,24戦5勝(中央0勝),国内,日本,キャロット,(地方重賞)ローレル賞ダート1600m,4.GⅡGⅢ勝ち馬（地方重賞含む）,7,初仔,,,,"サンデーサイレンス 4×4, ノーザンテースト 4×5, Nureyev 5×5",D.一般抽選,9.8%,満口,32,黄金（アイスランド語）＋支配者（アイスランド語）。両親名より連想,2025/09/02 ,,470,480,478,484,,,,20,18-20,16-17,16-17,,,,,,,,1,11,9,,44.ブロンディーヴァの24
45,1.関東,2.無,エピックムーン,ムーングロウの24,リアルスティール,300,500,Nayef,2.牝,2.無2.牝,鹿,04/05,"3,200",3000,蛯名正義,ノーザンF,ノーザンF,ＮＦ早来,149.5,169.5,18.8,399,403,431,4戦0勝,海外,イギリス,海外馬主,なし,1.未勝利馬,15,連産11,,,両後膝OCD除去手術（2024/11/25）,"Storm Bird 4×3, Mr. Prospector 4×4,　Highclere 5×4, Busted 5×5",E.一般当選,100.0%,101以上,87,素晴らしい月。母名より連想,2025/09/29 ,,435,426,424,429,,,,,17-20,17-18,16-18,,,,,,,,36,27,25,,45.ムーングロウの24
46,1.関東,2.無,リリコイ,マラクージャの24,Not This Time,"$135,000","$175,000",オナーコード,2.牝,2.無2.牝,栗,01/10,"5,000",5000,木村哲也,ノーザンF,ノーザンF,ＮＦ早来,157,173,19.5,473,485,482,11戦3勝,海外,アメリカ,海外馬主,GⅠCCAオークスダート1800m,5.GⅠ勝ち馬,6,初仔,,,左腕節感染性関節炎により関節洗浄（2024/2/7）、右後膝感染性関節炎により関節洗浄（2024/7/22）、両飛節OCD除去手術（2025/2/28）,"Storm Cat 3×4, Secretariat 5×5",D.一般抽選,51.1%,満口,59,パッションフルーツ（ハワイ語）。母名より連想,2025/09/08 ,,483,468,481,490,,,,17-18,17-18,右トモ打撲,17-20,,,,,,,,10,-5,8,,46.マラクージャの24
47,2.関西,2.無,レイアパショナード,ヒルダズパッションの24,キタサンブラック,"1,000","2,000",Canadian Frontier,1.牡,2.無1.牡,黒鹿,01/26,"10,000",10000,福永祐一,ノーザンF,ノーザンF,ＮＦ早来,162,176.5,20.5,484,485,523,14戦8勝,海外,アメリカ,海外馬主,GⅠバレリーナSダート1400m、その他重賞4勝,5.GⅠ勝ち馬,17,流産明け,,,,Lyphard 5×5,D.一般抽選,44.4%,満口,57,情熱的な王（西）。これからの活躍をイメージして。母名より連想,2025/09/06 ,,496,493,489,504,,,,18-20,16-18,16-17,16-17,,,,,,,,12,9,5,,47.ヒルダズパッションの24
48,2.関西,1.有,スタニスラス,マルシュロレーヌの24,キタサンブラック,"1,000","2,000",オルフェーヴル,1.牡,1.有1.牡,鹿,03/31,"16,000",10000,矢作芳人,ノーザンF,ノーザンF,ＮＦ空港,157,181,21.3,477,489,522,22戦9勝,国内,日本,キャロット,GⅠBCディスタフD1800m、その他交流重賞4勝,5.GⅠ勝ち馬,8,連産2,,,,"サンデーサイレンス 3×4, Lyphard 5×5×5, ノーザンテースト 5×5",A.×2抽選,61.5%,満口,1,世界遺産に登録されたロレーヌ地方にある広場のひとつ。母名より連想,2025/09/02 ,,492,494,480,500,,,,18-20,17-18,16-18,16-17,,,,,,,,15,17,3,,48.マルシュロレーヌの24
49,2.関西,2.無,エトワールビズー,ミッドナイトビズーの24,キタサンブラック,"1,000","2,000",Midnight Lute,2.牝,2.無2.牝,鹿,02/22,"7,000",7000,高野友和,ノーザンF,ノーザンF,ＮＦ早来,151.5,169.5,18.3,390,398,414,22戦14勝,海外,アメリカ,海外馬主,GⅠサウジカップD1800m、その他GⅠ5勝,5.GⅠ勝ち馬,9,連産3,,,,Lyphard 5×5,E.一般当選,100.0%,101以上,86,星からのキス（仏）。夜空に輝く星のように、見る人を魅了して欲しい,2025/10/06 ,,413,396,397,419,,,,,,19-20,17-18,,,,,,,,23,6,7,,49.ミッドナイトビズーの24
50,2.関西,2.無,ランブルトーン,サンダードラムの24,キタサンブラック,"1,000","2,000",Dubawi,2.牝,2.無2.牝,鹿,04/21,"7,000",7000,中内田充正,ノーザンF,ノーザンF,ＮＦ早来,151.5,176,20,429,428,460,13戦2勝,海外,アイルランド,海外馬主,GⅢロワイヨモン賞芝2400m,4.GⅡGⅢ勝ち馬（地方重賞含む）,6,初仔,,,,Lyphard 5×5,B.×1抽選,33.3%,満口,4,轟音＋音色。轟く音色を想像して。母名より連想,2025/10/07 ,,453,440,435,433,,,,20,18,15-18,17-20,,,,,,,,24,11,6,,50.サンダードラムの24
51,2.関西,1.有,フィネスブレード,フィニフティの24,ロードカナロア,"1,200","1,000",ディープインパクト,1.牡,1.有1.牡,鹿,03/09,"7,000",7000,藤原英昭,ノーザンF,ノーザンF,ＮＦ空港,156,172,20.1,410,419,457,16戦1勝,国内,日本,キャロット,GⅢ2着クイーンS芝1600ｍ,2.条件馬,8,連産3,,,,Mr. Prospector 4×5,D.一般抽選,27.9%,満口,50,技巧の刃。切れ味のある脚を使えることを期待して,2025/10/14 ,,439,432,428,452,,,,,18-20,17-18,16-17,,,,,,,,29,22,18,,51.フィニフティの24
52,2.関西,1.有,クラフティ,ダイアナブライトの24,ロードカナロア,"1,200","1,000",ディープインパクト,2.牝,1.有2.牝,鹿,02/23,"5,000",5000,高野友和,ノーザンF,ノーザンF,ＮＦ早来,155,176,20,435,446,452,14戦4勝,国内,日本,キャロット,JpnⅢクイーンSダート1800m,4.GⅡGⅢ勝ち馬（地方重賞含む）,8,連産2,,,右飛節OCD除去手術（2025/1/27）,ー,D.一般抽選,55.0%,満口,60,さくらんぼなどを散りばめたフランスの伝統菓子名。母名より連想,2025/09/08 ,,456,467,442,442,,,,17-19,17-19,16-17,16-17,,,,,,,,21,32,7,,52.ダイアナブライトの24
53,2.関西,1.有,ブレイズフォート,プルメリアスターの24,エピファネイア,"1,800","1,200",ゼンノロブロイ,1.牡,1.有1.牡,鹿,03/26,"8,000",8000,高野友和,ノーザンF,ノーザンF,ＮＦ早来,154.5,173,20.1,441,446,489,20戦3勝,国内,日本,キャロット,1勝クラス特別戦芝1600m,2.条件馬,12,連産6,,,,"サンデーサイレンス 4×3, Sadler's Wells 4×5, Hail to Reason 5×5",A.×2抽選,84.6%,満口,2,炎の砦。燃えるような速さと揺るがぬ力の意味を込めて,2025/09/11 ,,444,447,457,460,,,,18-20,17,17-18,16-17,,,,,,,,3,6,16,,53.プルメリアスターの24
54,2.関西,2.無,バティック,イカットの24,エピファネイア,"1,800","1,200",ディープインパクト,2.牝,2.無2.牝,栗,03/17,"5,000",5000,上村洋行,ノーザンF,ノーザンF,ＮＦ空港,152,177,19.5,452,462,469,11戦3勝,国内,日本,吉田和美,2勝クラス特別戦芝1800m,2.条件馬,7,連産2,,,,"サンデーサイレンス 4×3, Hail to Reason 5×5",C.×0抽選,97.1%,満口,22,インドネシアやマレーシアで作られるろうけつ染め布地。母名より連想,2025/10/27 ,,460,480,470,460,,,,,,17-18,17,,,,,,,,8,28,18,,54.イカットの24
55,2.関西,1.有,ラトナジャーラ,シンハライトの24,サートゥルナーリア,800,"1,000",ディープインパクト,2.牝,1.有2.牝,黒鹿,02/08,"7,000",7000,斎藤崇史,ノーザンF,ノーザンF,ＮＦ早来,155,175,20.1,441,446,453,6戦5勝,国内,日本,キャロット,GⅠオークス芝2400m、他重賞2勝,5.GⅠ勝ち馬,11,連産2,,,,"サンデーサイレンス 4×3, Halo 5×4×5, Sadler's Wells 4×5",B.×1抽選,100.0%,満口,9,宝石の連なり（サンスクリット）。一族の繁栄と活躍を願い。母名より,2025/09/26 ,,442,424,432,430,,,,18-20,17-18,16-18,16-17,,,,,,,,1,-17,-9,,55.シンハライトの24
56,2.関西,1.有,リスグロワール,リスグラシューの24,サートゥルナーリア,800,"1,000",ハーツクライ,2.牝,1.有2.牝,黒鹿,04/01,"8,000",8000,矢作芳人,ノーザンF,ノーザンF,ＮＦ早来,156,180,19.8,451,458,476,19戦6勝,国内,日本,キャロット,有馬、宝塚、エリ女、コックスプレートGⅠ4勝,5.GⅠ勝ち馬,10,連産4,,,,"サンデーサイレンス 4×3, Sadler's Wells 4×5, Lyphard 5×5",B.×1抽選,66.7%,満口,6,百合（仏）＋栄光（仏）。母と同じような栄光をつかむことを願って,2025/09/01 ,,439,442,437,439,,,,17-18,17-18,17-18,17,,,,,,,,-12,-9,-14,,56.リスグラシューの24
57,2.関西,2.無,マニフォールド,ソーメニーウェイズの24,キズナ,"1,200","2,000",Sightseeing,1.牡,2.無1.牡,鹿,04/18,"8,000",8000,池添学,ノーザンF,ノーザンF,ＮＦ空港,154,173,20,425,429,482,10戦5勝,海外,アメリカ,海外馬主,GⅠスピナウェイSダート1400m、他重賞2勝,5.GⅠ勝ち馬,14,連産8,,,,"Seattle Slew 5×5, Secretariat 5×5",D.一般抽選,87.1%,満口,67,多彩な、数多くの。無数の可能性を願って。母名より連想,2025/09/29 ,,434,444,435,450,,,,,18-20,16-17,16-17,,,,,,,,9,19,10,,57.ソーメニーウェイズの24
58,2.関西,2.無,スターリーフライト,ヤングスターの24,コントレイル,"1,200","1,800",High Chaparral,2.牝,2.無2.牝,鹿,02/19,"7,000",7000,安田翔伍,ノーザンF,ノーザンF,ＮＦ早来,154.5,171,18.8,388,393,412,26戦4勝,海外,オーストラリア,海外馬主,GⅠBRCクイーンズランドオークス芝2200m、他GⅡ1勝,5.GⅠ勝ち馬,10,流産明け,,,左飛節OCD除去手術（2025/1/9）,"Northern Dancer 4×5, Shirley Heights 5×5",E.一般当選,100.0%,5,70,星空飛行。星々のように輝く走りを願って。父名、母名より連想,2025/10/06 ,,397,424,404,406,,,,,18-20,17-20,軽めの運動,,,,,,,,9,36,16,,58.ヤングスターの24
59,2.関西,1.有,デュアルサイン,メサルティムの24,スワーヴリチャード,200,"1,500",ディープブリランテ,1.牡,1.有1.牡,黒鹿,02/19,"5,000",5000,武幸四郎,ノーザンF,白老F,ＮＦ空港,156,171,20.6,440,468,479,15戦3勝,国内,日本,キャロット,2勝クラス特別戦芝1800m,2.条件馬,9,連産3,,,,"サンデーサイレンス 3×4, Riverman 5×5",C.×0抽選,92.9%,満口,21,二つの印。母名のメサルティムが二重星であることから連想,2025/09/02 ,,455,470,471,490,,,,18-20,16-18,16-17,16-17,,,,,,,,15,30,31,,59.メサルティムの24
60,2.関西,2.無,バルチックアンバー,コハクトウの24,ナダル,350,"1,000",ルーラーシップ,1.牡,2.無1.牡,鹿,05/15,"5,000",5000,奥村豊,丸村村下F＊,丸村村下F,ＮＦ空港,152,174.5,20.4,430,441,493,2戦0勝,国内,日本,吉田照哉,なし,1.未勝利馬,7,連産4,"2025年セレクションセール落札価格3,960万円",確定版で追加,,Mr. Prospector 5×5×5,B.×1抽選,94.7%,満口,8,世界的に有名なバルト海の琥珀。母名より連想,2025/09/24 ,,465,472,480,487,,,,ハ行,,17-18,17,,,,,,,,35,42,50,,60.コハクトウの24
61,2.関西,2.無,ガランテリア,エレガンテレイナの24,モーリス,800,800,キンシャサノキセキ,1.牡,2.無1.牡,鹿,02/05,"4,000",4000,西村真幸,ノーザンF,ノーザンF,ＮＦ空港,155,181,19.7,439,459,465,17戦2勝,国内,日本,グリーンファーム,1勝クラス芝1200m,2.条件馬,7,初仔,,,,"サンデーサイレンス 4×4, Lyphard 5×5",E.一般当選,100.0%,35,76,紳士的な振る舞い（西）。母名より連想,2025/09/09 ,,460,469,471,483,,,,,18,17-18,16-17,,,,,,,,21,30,32,,61.エレガンテレイナの24
62,2.関西,1.有,コルベータ,レシステンシアの24,モーリス,800,800,ダイワメジャー,1.牡,1.有1.牡,鹿,03/11,"8,000",8000,松下武士,ノーザンF,ノーザンF,ＮＦ早来,153,176.5,19.8,446,457,483,18戦5勝,国内,日本,キャロット,GⅠ阪神JF芝1600m、他重賞3勝,5.GⅠ勝ち馬,7,初仔,,,,"サンデーサイレンス 4×3, Sadler's Wells 4×5, ノーザンテースト5×4, Northern Dancer 5×5",C.×0抽選,90.9%,満口,20,高速船（西）。両親のようなスピードと力強さから連想,2025/09/03 ,,434,456,459,447,,,,,17-19,15-17,15-16,,,,,,,,-12,10,13,,62.レシステンシアの24
63,2.関西,1.有,モンシャルム,シャルールの24,モーリス,800,800,ゼンノロブロイ,2.牝,1.有2.牝,栗,03/20,"4,000",4000,松永幹夫,白老F,白老F,ＮＦ空港,152,174,19.2,422,445,447,23戦4勝,国内,日本,キャロット,GⅢ2着クイーンS芝1800ｍ,3.オープン馬,12,空胎明け,,,左後肢球節感染性関節炎により関節洗浄（2024/6/29）、左後肢球節骨折により骨片除去手術（2025/7/18）、右後肢球節OCD除去手術（2025/7/18）,サンデーサイレンス 4×3,D.一般抽選,24.2%,満口,43,私の魅力（仏）。本馬の可愛らしい顔と母名の一部より連想,,,422,448,446,445,,,,術後良好,,,軽めの運動,,,,,,,,0,26,24,,63.シャルールの24
64,2.関西,2.無,ルーチェドンナ,マリーナドンナの24,モーリス,800,800,ロードカナロア,2.牝,2.無2.牝,鹿,03/27,"2,800",2000,茶木太樹,ノーザンF＊,ノーザンF,ＮＦ早来,152,173,19.2,412,413,442,5戦0勝,国内,日本,サンデー,なし,1.未勝利馬,5,初仔,"セレクトセール2025落札価格1,980万円",確定版で追加,,"サンデーサイレンス 3×4, Northern Dancer 5×5",D.一般抽選,100.0%,満口,68,光（伊）＋女性（伊）。光り輝く淑女をイメージして。母名より連想,2025/10/06 ,,426,416,420,410,,,,,20,16-17,15-16,,,,,,,,14,4,8,,64.マリーナドンナの24
65,2.関西,2.無,ストラテジスト,アドマイヤリードの24,レイデオロ,700,250,ステイゴールド,1.牡,2.無1.牡,青鹿,03/16,"7,000",7000,斎藤崇史,ノーザンF,ノーザンF,ＮＦ早来,153,169.5,20.3,427,429,473,24戦6勝,国内,日本,近藤利一,GⅠヴィクトリアM芝1600m,5.GⅠ勝ち馬,11,連産5,,,,Mr. Prospector 4×5×4,D.一般抽選,24.6%,満口,44,戦略家。最高の舞台へ導く存在となるように,2025/09/25 ,,449,440,455,450,,,,20,16-18,16-17,16,,,,,,,,22,13,28,,65.アドマイヤリードの24
66,2.関西,1.有,カミーノドーロ,コルコバードの24,レイデオロ,700,250,ステイゴールド,2.牝,1.有2.牝,栗,01/15,"5,000",5000,池江泰寿,ノーザンF,ノーザンF,ＮＦ空港,153.5,172,19,412,417,424,16戦5勝,国内,日本,キャロット,3勝クラス特別戦芝2200m,3.オープン馬,11,連産2,,,,Mr. Prospector 4×5×5,E.一般当選,100.0%,51,78,金の道（ポルトガル語）。ブラジルの歴史的な街道名。両親名より連想,2025/09/30 ,,429,408,404,419,,,,,18-20,18,18,,,,,,,,17,-4,-8,,66.コルコバードの24
67,2.関西,1.有,アッサンブラージュ,グリューヴァインの24,ドレフォン,700,500,ゴールドアリュール,2.牝,1.有2.牝,鹿,03/09,"3,200",3000,大久保龍志,ノーザンF,ノーザンF,ＮＦ早来,153,178,19.6,455,452,468,23戦3勝,国内,日本,キャロット,1勝クラスダート1200m,2.条件馬,12,連産6,,,,ー,D.一般抽選,25.0%,満口,45,ワイン原酒を混ぜ合わせる伝統的なワイン製造技術。母名より連想,2025/09/01 ,,461,442,436,430,,,,16-17,16-18,16-18,16-17,,,,,,,,6,-13,-19,,67.グリューヴァインの24
68,2.関西,1.有,ピースインサイト,ピースエンブレムの24,アルアイン,150,80,ウォーエンブレム,1.牡,1.有1.牡,鹿,03/25,"3,000",3000,池添学,ノーザンF,ノーザンF,ＮＦ早来,153,175.5,21.8,474,485,515,17戦4勝,国内,日本,キャロット,2勝クラス特別戦ダート1800m,2.条件馬,18,連産5,,,,Mr. Prospector 4×5,D.一般抽選,9.3%,満口,31,平和＋洞察。平和に関する深い洞察。母名より連想,2025/10/01 ,,499,506,520,530,,,,,18-20,18,16-17,,,,,,,,25,32,46,,68.ピースエンブレムの24
69,2.関西,1.有,エテルノアーラ,デスティノアーラの24,エフフォーリア,300,400,ディープインパクト,2.牝,1.有2.牝,黒鹿,02/28,"2,800",2000,清水久詞,ノーザンF＊,ノーザンF,ＮＦ早来,153,169.5,20.6,427,438,447,9戦0勝,国内,日本,キャロット,なし,1.未勝利馬,6,連産2,"セレクトセール2025落札価格1,980万円",確定版で追加,,サンデーサイレンス 5×4×3,C.×0抽選,70.0%,満口,18,永遠（伊）＋翼（伊）。母名より連想,2025/09/18 ,,452,446,450,450,,,,20,17-18,16-17,17,,,,,,,,25,19,23,,69.デスティノアーラの24
70,2.関西,1.有,イモージェン,シーリアの24,サリオス,150,200,キングカメハメハ,2.牝,1.有2.牝,青鹿,02/23,"4,600",4000,池添学,ノーザンF,ノーザンF,ＮＦ空港,151,177.5,19.2,458,463,468,14戦2勝,国内,日本,キャロット,1勝クラス芝1800m,2.条件馬,9,連産3,,確定版で追加,,サンデーサイレンス 3×4,C.×0抽選,38.9%,満口,13,戯曲の登場人物名。芯のある女性をイメージして,2025/10/07 ,,478,460,469,460,,,,,,17-18,16-17,,,,,,,,20,2,11,,70.シーリアの24
71,2.関西,2.無,ライナールビン,レッドティーの24,リオンディーズ,400,400,Sakhee,1.牡,2.無1.牡,鹿,03/28,"4,000",4000,渡辺薫彦,ノーザンF,ノーザンF,ＮＦ空港,155,172,19.9,423,428,475,36戦8勝,海外,イギリス,海外馬主,GⅡキルボイエステイトS芝1800m,4.GⅡGⅢ勝ち馬（地方重賞含む）,11,連産4,,確定版で追加,,"Sadler's Wells 4×4, Nureyev 5×5",E.一般当選,100.0%,31,75,純粋な紅玉（ルビー）（独）。母名より連想,2025/09/16 ,,451,452,460,481,,,,18-20,17-18,16-17,16-17,,,,,,,,28,29,37,,71.レッドティーの24
72,2.関西,1.有,スイートリディア,クラシックリディアの24,アドマイヤマーズ,250,500,ハービンジャー,2.牝,1.有2.牝,鹿,04/03,"3,000",3000,高橋亮,ノーザンF,ノーザンF,ＮＦ空港,154,174,19.8,438,439,466,16戦1勝,国内,日本,キャロット,新馬芝1600m,2.条件馬,11,連産5,,,,"サンデーサイレンス 3×4, Northern Dancer 5×5",C.×0抽選,58.8%,満口,15,スプレーバラの一品種名。可憐に咲き誇る姿を願って。母名より連想,2025/09/26 ,,453,430,434,447,,,,,18,17,17,,,,,,,,15,-8,-4,,72.クラシックリディアの24
73,2.関西,2.無,ベイカーズダズン,サーティーンスクエアドの24,オルフェーヴル,350,350,Liaison,1.牡,2.無1.牡,鹿,03/18,"3,600",3000,福永祐一,白老F,白老F,ＮＦ空港,151,167,20.1,418,432,468,10戦1勝,海外,アメリカ,海外馬主,GⅡ2着サマータイムオークスダート1700m,3.オープン馬,9,連産5,,,,ノーザンテースト 5×4,D.一般抽選,22.8%,満口,42,英語で十二を超える十三を指し、期待以上を表す表現。母名より,2025/10/13 ,,424,440,436,444,,,,,18-20,17-18,16-17,,,,,,,,6,22,18,,73.サーティーンスクエアドの24
74,2.関西,1.有,エレンデール,ユールフェストの24,サトノダイヤモンド,250,100,More Than Ready,2.牝,1.有2.牝,鹿,05/03,"1,800",1000,橋口慎介,ノーザンF,白老F,ＮＦ空港,154.5,171.5,20.3,443,456,482,16戦2勝,国内,日本,キャロット,1勝クラス芝1200m,2.条件馬,15,連産3,,,,"サザンヘイロー 4×3, Halo 4×5×4",D.一般抽選,28.4%,満口,52,オーストラリアにあるダイヤモンド鉱山名。父名、母名より連想,2025/09/17 ,,448,455,450,471,,,,,17-18,骨片除去手術,曳き運動,,,,,,,,5,12,7,,74.ユールフェストの24
75,2.関西,1.有,コルキス,ココファンタジアの24,シスキン,250,300,ステイゴールド,1.牡,1.有1.牡,青鹿,04/15,"4,000",4000,須貝尚介,ノーザンF,白老F,ＮＦ空港,151.5,167,20.5,424,443,482,20戦3勝,国内,日本,キャロット,2勝クラス特別戦芝1400m,2.条件馬,11,連産5,,,,ー,C.×0抽選,38.5%,満口,12,ギリシャ神話に登場する地名。黄金の羊毛が眠る地。母系より連想,2025/09/29 ,,432,450,451,465,,,,18-20,17-18,16-18,16-17,,,,,,,,8,26,27,,75.ココファンタジアの24
76,2.関西,1.有,カーソンスルー,パッシングスルーの24,シルバーステート,600,500,ルーラーシップ,2.牝,1.有2.牝,黒鹿,02/26,"4,000",4000,武英智,ノーザンF,ノーザンF,ＮＦ空港,152,172.5,19.5,390,406,412,11戦3勝,国内,日本,キャロット,GⅢ紫苑S芝2000m,4.GⅡGⅢ勝ち馬（地方重賞含む）,8,連産2,,,,"Hail to Reason 5×5, Mr. Prospector 5×5",E.一般当選,100.0%,14,73,アメリカ、ネバダ州の南部にある湧水域。父名、母名より連想,2025/09/26 ,,418,413,405,408,,,,,18,16-18,16-17,,,,,,,,28,23,15,,76.パッシングスルーの24
77,2.関西,1.有,パルクデュレーヴ,エールデュレーヴの24,ニューイヤーズデイ,250,200,ディープインパクト,2.牝,1.有2.牝,黒鹿,04/07,"2,800",2000,高柳大輔,ノーザンF,ノーザンF,ＮＦ早来,151,168.5,19,393,394,430,16戦3勝,国内,日本,キャロット,2勝クラス特別戦芝2000m,2.条件馬,11,連産6,,,左後膝OCD除去手術（2024/11/15）,"Halo 5×4, Riverman 5×5",E.一般当選,100.0%,101以上,87,夢への道のり（仏）。母名より連想,2025/10/07 ,,410,435,436,421,,,,,20,16-17,16,,,,,,,,17,42,43,,77.エールデュレーヴの24
78,2.関西,1.有,フラムルージュ,クロワドフェールの24,フィエールマン,200,150,ハービンジャー,2.牝,1.有2.牝,黒鹿,01/18,"2,400",2000,吉岡辰弥,ノーザンF,ノーザンF,ＮＦ空港,155,176,19.7,436,427,445,17戦3勝,国内,日本,キャロット,2勝クラス特別戦芝1800m,2.条件馬,7,初仔,,,,サンデーサイレンス 3×4,D.一般抽選,15.4%,満口,36,自転車レースの残り1キロ地点に設置されるアーチ。母名より連想,2025/09/10 ,,421,428,439,448,,,,18-20,17-18,17,16-17,,,,,,,,-15,-8,3,,78.クロワドフェールの24
79,2.関西,1.有,ラスゲアード,バイラオーラの24,ポエティックフレア,500,Private,トワイニング,1.牡,1.有1.牡,栗,03/04,"3,600",3000,長谷川浩大,ノーザンF,白老F,ＮＦ空港,151.5,167.5,20.2,431,431,468,24戦4勝,国内,日本,キャロット,2勝クラス特別戦芝1000m,2.条件馬,17,連産2,,,,ー,D.一般抽選,32.6%,満口,54,フラメンコギターの奏法のひとつ。母名より連想,2025/10/27 ,,431,444,458,464,,,,,18-20,17-18,17,,,,,,,,0,13,27,,79.バイラオーラの24
80,2.関西,1.有,クローネンリーベ,ブルーメンクローネの24,マインドユアビスケッツ,400,200,キングカメハメハ,2.牝,1.有2.牝,栗,02/07,"2,800",2000,小林真也,ノーザンF,ノーザンF,ＮＦ早来,155,185,19.8,500,512,501,17戦5勝(中央2勝),国内,日本,キャロット,2勝クラスダート1800m,2.条件馬,9,連産3,,,,"Mr. Prospector 5×4, Deputy Minister 4×5",D.一般抽選,18.1%,満口,39,王冠の愛（独）。母の王冠（クローネ）を受け継ぐことをイメージして,2025/09/08 ,,497,496,512,520,,,,17-19,17-18,16-17,16-17,,,,,,,,-3,-4,12,,80.ブルーメンクローネの24
81,2.関西,1.有,バヤールロック,アルドゥエンナの24,ルーラーシップ,350,400,スクリーンヒーロー,1.牡,1.有1.牡,黒鹿,02/05,"3,200",3000,中村直也,ノーザンF,ノーザンF,ＮＦ早来,151,174.5,20.7,445,445,475,4戦0勝,国内,日本,キャロット,なし,1.未勝利馬,5,初仔,,,,"サンデーサイレンス 4×5, ノーザンテースト 4×5, Roberto 5×5",C.×0抽選,100.0%,満口,24,ベルギーのアルドゥエンナの森にある岩の名前。母名より連想,2025/09/06 ,,441,445,443,432,,,,18,16-18,16-17,16-17,,,,,,,,-4,0,-2,,81.アルドゥエンナの24
82,2.関西,2.無,クリムゾンヒート,バーニングヒートの24,イスラボニータ,150,200,ドレフォン,1.牡,2.無1.牡,栗,01/21,"2,600",2000,小栗実,宮内牧場＊,宮内牧場,ＮＦ空港,152,173,20.8,450,470,476,7戦0勝,国内,日本,社台,なし,1.未勝利馬,5,初仔,"2025年セレクションセール落札価格1,760万円",確定版で追加,,ー,D.一般抽選,25.0%,満口,46,深紅の熱。勝利への強い情熱をイメージして。母名より連想,2025/09/09 ,,452,460,456,478,,,,18-20,17-18,16-17,16-17,,,,,,,,2,10,6,,82.バーニングヒートの24
83,2.関西,2.無,クレイヴィング,アディクティドの24,インディチャンプ,120,120,ディクタット,1.牡,2.無1.牡,芦,04/26,"4,000",4000,斎藤崇史,ノーザンF,ノーザンF,ＮＦ早来,152.5,173,20.5,428,432,485,7戦2勝,海外,ドイツ,海外馬主,GⅢシュヴァルツゴルトレネン芝1600m,4.GⅡGⅢ勝ち馬（地方重賞含む）,18,連産5,,,,In Reality 5×5,C.×0抽選,61.5%,満口,16,熱望。母名より連想,2025/09/22 ,,462,465,467,464,,,,,16-18,16-18,17-18,,,,,,,,34,37,39,,83.アディクティドの24
84,2.関西,1.有,フラガンシア,アロマドゥルセの24,ベンバトル,250,250,ディープインパクト,2.牝,1.有2.牝,黒鹿,02/20,"2,800",2000,田中克典,ノーザンF,ノーザンF,ＮＦ空港,152,173,20,421,428,438,21戦3勝,国内,日本,キャロット,1勝クラス特別戦芝2400m,2.条件馬,10,連産4,,,,ー,D.一般抽選,16.4%,満口,37,上品な香り、芳香（西）。母名より連想,2025/09/15 ,,439,438,444,453,,,,,18,17,17,,,,,,,,18,17,23,,84.アロマドゥルセの24
85,2.関西,1.有,ヒメハッカ,カイカヨソウの24,ホットロッドチャーリー,200,150,ティンバーカントリー,2.牝,1.有2.牝,青鹿,04/28,"2,800",2000,寺島良,ノーザンF,白老F,ＮＦ空港,153,169,19.4,397,419,440,23戦7勝,国内,日本,キャロット,(地方重賞)ロジータ記念ダート2100m、他地方重賞5勝,4.GⅡGⅢ勝ち馬（地方重賞含む）,14,連産7,,,,Mr. Prospector 4×5,E.一般当選,100.0%,101以上,82,日本固有の薄荷。美徳という花言葉を持つ。母名より連想,2025/10/07 ,,405,420,433,448,,,,,18,17-18,17-18,,,,,,,,8,23,36,,85.カイカヨソウの24
86,2.関西,2.無,エボンモナーク,ジョイネヴァーランドの24,American Pharoah,"$60,000","$45,000",Fortify,1.牡,2.無1.牡,黒鹿,04/11,"8,000",8000,松永幹夫,ノーザンF＊,ノーザンF,ＮＦ早来,156,178,21.4,474,482,524,10戦4勝,海外,アルゼンチン,海外馬主,GⅠコパデプラタインテルナシオナル芝2000m,5.GⅠ勝ち馬,7,初仔,"セレクトセール2025落札価格5,500万円",確定版で追加,,Storm Cat 4×5,D.一般抽選,14.0%,満口,34,黒の君主。父名、毛色より連想,2025/09/17 ,,504,486,499,504,,,,,18-20,17-18,フレグモーネ,,,,,,,,30,12,25,,86.ジョイネヴァーランドの24
87,2.関西,2.無,インティサール,ミスエクストラの24,Baaeed,"£80,000","£65,000",Masterstroke,2.牝,2.無2.牝,鹿,03/15,"4,000",4000,杉山佳明,ノーザンF,ノーザンF,ＮＦ空港,151.5,173.5,19.5,437,438,457,10戦3勝,海外,フランス,海外馬主,ＧⅡサンドリンガム賞芝1600m,4.GⅡGⅢ勝ち馬（地方重賞含む）,7,連産2,,,,"Urban Sea 3×4, Mr. Prospector 5×4",D.一般抽選,28.2%,満口,51,勝利（アラビア語）。多くの勝利を目指して,2025/10/01 ,,449,454,460,462,,,,,18,17-18,17-18,,,,,,,,12,17,23,,87.ミスエクストラの24
88,2.関西,2.無,ガナドーラ,ウナアラバレーラの24,Gun Runner,"$125,000","$250,000",Cima de Triomphe,2.牝,2.無2.牝,栗,01/24,"5,000",5000,杉山晴紀,ノーザンF,ノーザンF,ＮＦ空港,157.5,177,19.7,485,495,495,11戦7勝,海外,アルゼンチン,海外馬主,GⅠ亜1000ギニー芝1600m、他重賞5勝,5.GⅠ勝ち馬,5,初仔,,,,"Fappiano 5×5, Northern Dancer 5×5, Farnesio 5×5",C.×0抽選,68.8%,満口,17,勝者（西）。多くの勝利を願って,2025/09/02 ,,463,462,471,489,,,,18,16-18,16-17,16-17,,,,,,,,-22,-23,-14,,88.ウナアラバレーラの24
89,3.地方,2.無,サクルサハラ,エンブレマータの24,アルアイン,150,80,ウォーエンブレム,1.牡,2.無1.牡,鹿,03/24,"2,800",2000,門別もしくは南関東,レイクヴィラF＊,レイクヴィラF,ＮＦ空港,151.5,170,21.3,448,459,486,2戦0勝,国内,日本,窪田康志,なし,1.未勝利馬,12,連産6,"セレクトセール2025落札価格1,980万円",確定版で追加,,Mr. Prospector 4×5,E.一般当選,100.0%,26以上,91,砂漠の鷹（アラビア語）。父名、母名より連想,2025/09/01 ,,448,458,460,486,,,,17-18,16-18,16-17,16-17,,,,,,,,0,10,12,,89.エンブレマータの24
90,3.地方,2.無,ギャラクシス,ミクロコスモスの24,ニューイヤーズデイ,250,200,ネオユニヴァース,1.牡,2.無1.牡,鹿,02/26,"3,200",3000,門別もしくは南関東,ノーザンF,ノーザンF,ＮＦ早来,156,172.5,20,449,448,487,21戦4勝,国内,日本,サンデー,3勝クラス特別戦芝1600m,2.条件馬,18,空胎明け,,,右飛節OCD除去手術（2025/5/12）,"Halo 5×4, Mr. Prospector 4×5, Boulevard 5×5",D.一般抽選,80.0%,満口,64,銀河（独）。母名より連想,2025/09/03 ,,442,465,470,491,,,,,17-18,右前脚捻挫,軽めの運動,,,,,,,,-7,16,21,,90.ミクロコスモスの24
91,3.地方,1.有,アレグロビバーチェ,ヴィータアレグリアの24,ベストウォーリア,50,50,ネオユニヴァース,2.牝,1.有2.牝,栗,03/18,"2,400",2000,門別もしくは南関東,ノーザンF,ノーザンF,ＮＦ空港,157.5,178,20,479,490,504,18戦4勝,国内,日本,キャロット,JpnⅢマリーンCダート1600m,4.GⅡGⅢ勝ち馬（地方重賞含む）,13,連産7,,,,"Gone West 4×4, Mr. Prospector 5×5×5",C.×0抽選,100.0%,満口,25,快活に速く（音楽用語）。母名より連想,2025/09/12 ,,492,480,465,478,,,,20,17,16-17,16-17,,,,,,,,13,1,-14,,91.ヴィータアレグリアの24
92,3.地方,1.有,モンビスキュイ,マスターワークの24,マインドユアビスケッツ,400,200,ダイワメジャー,2.牝,1.有2.牝,鹿,04/18,"1,800",1000,門別もしくは南関東,ノーザンF,白老F,ＮＦ空港,152.5,170.5,20.1,441,459,473,10戦2勝,国内,日本,キャロット,1勝クラス芝2000m,2.条件馬,7,連産3,,,,"Hail to Reason 5×5×5, Roberto 5×4, Deputy Minister 4×5, Northern Dancer 5×5",D.一般抽選,100.0%,満口,69,私のビスケット（仏）。父名より連想,2025/09/29 ,,454,463,455,468,,,,,17-18,16-17,15-17,,,,,,,,13,22,14,,92.マスターワークの24
93,3.地方,1.有,ティンバリートス,ティンバレスの24,ルヴァンスレーヴ,300,250,ウォーエンブレム,2.牝,1.有2.牝,黒鹿,03/30,"2,400",2000,門別もしくは南関東,ノーザンF,ノーザンF,ＮＦ早来,159,177,19.8,450,456,479,23戦3勝,国内,日本,キャロット,2勝クラス特別戦ダート1800m,2.条件馬,12,連産6,,,,Mr. Prospector 4×4,E.一般当選,100.0%,26以上,81,打楽器の一種。母名より連想,2025/09/03 ,,448,460,482,508,,,,17-20,17-19,16-20,16-17,,,,,,,,-2,10,32,,93.ティンバレスの24